{
  "epoch_f1": {
    "0": 0.4954327019664174,
    "1": 0.5814703376129768,
    "2": 0.6152124942459367,
    "3": 0.6332003804610853,
    "4": 0.640506351743387,
    "5": 0.6460843636061926,
    "6": 0.6509856888831174,
    "7": 0.649532057619497,
    "8": 0.6619629521420217,
    "9": 0.6559288492308544,
    "10": 0.6591228895278488,
    "11": 0.6517506527399494,
    "12": 0.66098296171023,
    "13": 0.6624280578145937,
    "14": 0.6605454167001996,
    "15": 0.6569325241551268,
    "16": 0.6624574400300262,
    "17": 0.6668206712001042,
    "18": 0.6650983015986416,
    "19": 0.6614161165421323,
    "20": 0.6623431112273873,
    "21": 0.6656754227569668,
    "22": 0.6656034250181176
  },
  "best_f1": 0.6656034250181176,
  "best_epoch": 22
}