{
  "epoch_f1": {
    "0": 0.6560320219844572,
    "1": 0.6105211786567547,
    "2": 0.6319915074454164,
    "3": 0.6324871362725576,
    "4": 0.6373229523214431,
    "5": 0.646366796998244,
    "6": 0.6500956826740447,
    "7": 0.6529086797494107,
    "8": 0.6518124825276397,
    "9": 0.6524931703400917,
    "10": 0.6503438247782793,
    "11": 0.6500985698569383,
    "12": 0.6512945320588769,
    "13": 0.6623392443109408,
    "14": 0.6614234469331366,
    "15": 0.6623622952885824,
    "16": 0.6630718104923989,
    "17": 0.6606329398739066,
    "18": 0.6595912518391036,
    "19": 0.6601850706496323,
    "0": 0.657146253407692,
    "1": 0.653916049805119,
    "2": 0.6634692314733519,
    "3": 0.663141915624138,
    "4": 0.665594447854637,
    "5": 0.6690955528413262,
    "6": 0.669189456372328,
    "7": 0.6687692240802137,
    "8": 0.6635631339221165,
    "9": 0.6601506693004902
  },
  "best_f1": 0.6635631339221165,
  "best_epoch": 8
}