{
  "epoch_f1": {
    "0": 0.656424823226156,
    "1": 0.6606303714384971,
    "2": 0.6620499235266826,
    "3": 0.664343450046038,
    "4": 0.6646293593256594,
    "5": 0.6678494385041939,
    "6": 0.6617848938194331,
    "7": 0.6676929146535003,
    "8": 0.666022093427925,
    "9": 0.6689812023450438,
    "10": 0.6503438247782793,
    "11": 0.6500985698569383,
    "12": 0.6512945320588769,
    "13": 0.6623392443109408,
    "14": 0.6614234469331366,
    "15": 0.6623622952885824,
    "16": 0.6630718104923989,
    "17": 0.6606329398739066,
    "18": 0.6595912518391036,
    "19": 0.6601850706496323,
    "0": 0.6629038215878617,
    "1": 0.6650903630587478,
    "2": 0.667466479968453,
    "3": 0.6685129006905509,
    "4": 0.6755192695125058,
    "5": 0.665813510594881,
    "6": 0.67021062963732,
    "7": 0.6696757151150019,
    "8": 0.6701390297118278,
    "9": 0.6709564781667772,
    "10": 0.6685438232816037,
    "11": 0.6735136399810635,
    "12": 0.6712536778213255,
    "13": 0.6734709634293597,
    "14": 0.6673935614799763,
    "15": 0.6687279474150272,
    "16": 0.670235699002428,
    "17": 0.665105504744897,
    "18": 0.6732600913307437,
    "19": 0.6674566547870339
  },
  "best_f1": 0.6732600913307437,
  "best_epoch": 18
}